algorithm,sweep_tag,sweep_value,sum_rate_bps_per_hz_mean,weighted_sum_rate_mean,sum_rate_bps_per_hz_p50,sum_rate_bps_per_hz_p05,sum_rate_bps_per_hz_p95,fs_outage_prob_any,worst_fs_excess_mean,mean_positive_fs_excess,cvar95_fs_excess,power_violation_mean,active_subband_fraction_mean,runtime_ms_mean,mean_delay_spread_ns,blocked_subband_fraction_mean
budget_aware_primal_dual_unfolded,fs_in_target_db,-10.0,19.364213943481445,19.364213943481445,19.364213943481445,19.364213943481445,19.364213943481445,1.0,105146.96875,26286.7421875,105146.96875,0.0,0.8333333134651184,331.0171850025654,74.96211624145508,0.1666666865348816
budgeted_primal_dual_pgd,fs_in_target_db,-10.0,13.30430793762207,13.30430793762207,13.30430793762207,13.30430793762207,13.30430793762207,1.0,145998.021484375,36499.50537109375,145998.021484375,0.0,0.8333333134651184,289.5869880449027,74.96211624145508,0.1666666865348816
budgeted_primal_dual_pgd_repair,fs_in_target_db,-10.0,3.040804862976074,3.040804862976074,3.040804862976074,3.040804862976074,3.040804862976074,0.0,-0.0029999911785125732,0.0,0.0,0.0,0.8333333134651184,420.81490554846823,74.96211624145508,0.1666666865348816
budgeted_primal_dual_pgd_repair_recover,fs_in_target_db,-10.0,8.06885552406311,8.06885552406311,8.06885552406311,8.06885552406311,8.06885552406311,0.0,-0.0029999911785125732,0.0,0.0,0.0,0.8333333134651184,714.6910973824561,74.96211624145508,0.1666666865348816
rate_recovered_primal_dual_unfolded,fs_in_target_db,-10.0,8.216647386550903,8.216647386550903,8.216647386550903,8.216647386550903,8.216647386550903,0.0,-0.0030001401901245117,0.0,0.0,0.0,0.8333333134651184,743.8564461190253,74.96211624145508,0.1666666865348816
risk_neutral_pgd,fs_in_target_db,-10.0,14.357146263122559,14.357146263122559,14.357146263122559,14.357146263122559,14.357146263122559,1.0,1543.2689514160156,447.2616424560547,1543.2689514160156,0.0,1.0,141.8459787964821,74.96211624145508,0.1666666865348816
static_notch_mf,fs_in_target_db,-10.0,10.477360725402832,10.477360725402832,10.477360725402832,10.477360725402832,10.477360725402832,1.0,2515.5747985839844,628.8936996459961,2515.5747985839844,6.622738357719982e-09,0.8333333134651184,10.110601084306836,74.96211624145508,0.1666666865348816
wideband_pgd,fs_in_target_db,-10.0,10.150086402893066,10.150086402893066,10.150086402893066,10.150086402893066,10.150086402893066,1.0,108116.29956054688,27029.07489013672,108116.29956054688,0.0,0.8333333134651184,143.72371067292988,74.96211624145508,0.1666666865348816
