algorithm,sweep_tag,sweep_value,sum_rate_bps_per_hz_mean,weighted_sum_rate_mean,sum_rate_bps_per_hz_p50,sum_rate_bps_per_hz_p05,sum_rate_bps_per_hz_p95,fs_outage_prob_any,worst_fs_excess_mean,mean_positive_fs_excess,cvar95_fs_excess,power_violation_mean,active_subband_fraction_mean,runtime_ms_mean,mean_delay_spread_ns,blocked_subband_fraction_mean
static_notch_mf,fs_in_target_db,-10.0,14.32516860961914,14.32516860961914,14.32516860961914,14.32516860961914,14.32516860961914,1.0,1444.743408203125,361.251708984375,1444.743408203125,0.0,0.9166666865348816,8.494044188410044,57.07517623901367,0.08333331346511841
risk_neutral_pgd,fs_in_target_db,-10.0,35.031070709228516,35.031070709228516,35.031070709228516,35.031070709228516,35.031070709228516,1.0,13807052.0,3452135.0,13807052.0,0.0,1.0,133.3297141827643,57.07517623901367,0.08333331346511841
wideband_pgd,fs_in_target_db,-10.0,16.23594093322754,16.23594093322754,16.23594093322754,16.23594093322754,16.23594093322754,1.0,127305.875,31826.46875,127305.875,0.0,0.9166666865348816,134.61982272565365,57.07517623901367,0.08333331346511841
scenario_adaptive_unfolded,fs_in_target_db,-10.0,14.595616340637207,14.595616340637207,14.595616340637207,14.595616340637207,14.595616340637207,1.0,326402.375,81608.421875,326402.375,0.0,0.9166666865348816,153.1518492847681,57.07517623901367,0.08333331346511841
static_notch_mf,fs_in_target_db,-10.0,7.207457065582275,7.207457065582275,7.207457065582275,7.207457065582275,7.207457065582275,0.0,-0.027539491653442383,0.0,0.0,0.0,0.8333333134651184,8.490737061947584,62.75031280517578,0.1666666865348816
risk_neutral_pgd,fs_in_target_db,-10.0,20.985755920410156,20.985755920410156,20.985755920410156,20.985755920410156,20.985755920410156,1.0,75940.9375,18985.2890625,75940.9375,0.0,1.0,133.19879490882158,62.75031280517578,0.1666666865348816
wideband_pgd,fs_in_target_db,-10.0,17.263198852539062,17.263198852539062,17.263198852539062,17.263198852539062,17.263198852539062,0.0,-0.029489874839782715,0.0,0.0,0.0,0.8333333134651184,135.51278179511428,62.75031280517578,0.1666666865348816
scenario_adaptive_unfolded,fs_in_target_db,-10.0,10.654669761657715,10.654669761657715,10.654669761657715,10.654669761657715,10.654669761657715,0.0,-0.9083648920059204,0.0,0.0,0.0,0.8333333134651184,154.3719070032239,62.75031280517578,0.1666666865348816
