algorithm,sweep_tag,sweep_value,sum_rate_bps_per_hz_mean,weighted_sum_rate_mean,sum_rate_bps_per_hz_p50,sum_rate_bps_per_hz_p05,sum_rate_bps_per_hz_p95,fs_outage_prob_any,worst_fs_excess_mean,mean_positive_fs_excess,cvar95_fs_excess,power_violation_mean,active_subband_fraction_mean,runtime_ms_mean,mean_delay_spread_ns,blocked_subband_fraction_mean
static_notch_mf,fs_in_target_db,-10.0,13.988666534423828,13.988666534423828,13.988666534423828,13.988666534423828,13.988666534423828,1.0,41.07816696166992,10.26954174041748,41.07816696166992,0.0,0.9166666865348816,8.591546211391687,57.07517623901367,0.08333331346511841
risk_neutral_pgd,fs_in_target_db,-10.0,20.645788192749023,20.645788192749023,20.645788192749023,20.645788192749023,20.645788192749023,1.0,329338.28125,82338.921875,329338.28125,0.0,1.0,139.04025498777628,57.07517623901367,0.08333331346511841
wideband_pgd,fs_in_target_db,-10.0,12.64106273651123,12.64106273651123,12.64106273651123,12.64106273651123,12.64106273651123,1.0,913.6238403320312,228.4059600830078,913.6238403320312,0.0,0.9166666865348816,135.76690014451742,57.07517623901367,0.08333331346511841
scenario_adaptive_unfolded,fs_in_target_db,-10.0,5.801741123199463,5.801741123199463,5.801741123199463,5.801741123199463,5.801741123199463,1.0,2326.5302734375,581.632568359375,2326.5302734375,0.0,0.9166666865348816,160.21258290857077,57.07517623901367,0.08333331346511841
static_notch_mf,fs_in_target_db,-10.0,7.329705715179443,7.329705715179443,7.329705715179443,7.329705715179443,7.329705715179443,0.0,-0.9540048837661743,0.0,0.0,3.973643103449831e-08,0.8333333134651184,8.811331819742918,62.75031280517578,0.1666666865348816
risk_neutral_pgd,fs_in_target_db,-10.0,11.400958061218262,11.400958061218262,11.400958061218262,11.400958061218262,11.400958061218262,1.0,656.2449340820312,164.0612335205078,656.2449340820312,0.0,1.0,139.4426436163485,62.75031280517578,0.1666666865348816
wideband_pgd,fs_in_target_db,-10.0,11.00336742401123,11.00336742401123,11.00336742401123,11.00336742401123,11.00336742401123,0.0,-0.9786890745162964,0.0,0.0,0.0,0.8333333134651184,135.38500014692545,62.75031280517578,0.1666666865348816
scenario_adaptive_unfolded,fs_in_target_db,-10.0,5.115224361419678,5.115224361419678,5.115224361419678,5.115224361419678,5.115224361419678,0.0,-0.9442692399024963,0.0,0.0,0.0,0.8333333134651184,167.90751740336418,62.75031280517578,0.1666666865348816
