algorithm,sweep_tag,sweep_value,sample_id,sum_rate_bps_per_hz,weighted_sum_rate,worst_fs_excess,mean_positive_fs_excess,fs_outage_any,power_violation,active_subband_fraction,runtime_ms
static_notch_mf,fs_in_target_db,-10.0,0,13.988666534423828,13.988666534423828,41.078163146972656,10.269540786743164,1.0,0.0,0.9166666865348816,10.972402058541775
risk_neutral_pgd,fs_in_target_db,-10.0,0,19.059486389160156,19.059486389160156,329956.65625,82493.15625,1.0,0.0,1.0,147.98514219000936
wideband_pgd,fs_in_target_db,-10.0,0,12.641064643859863,12.641064643859863,913.6237182617188,228.4059295654297,1.0,0.0,0.9166666865348816,145.36542212590575
scenario_adaptive_unfolded,fs_in_target_db,-10.0,0,5.721621990203857,5.721621990203857,2314.04541015625,578.5113525390625,1.0,0.0,0.9166666865348816,169.27980165928602
static_notch_mf,fs_in_target_db,-10.0,0,7.329705715179443,7.329705715179443,-0.9540048837661743,0.0,0.0,3.973643103449831e-08,0.8333333134651184,10.723864194005728
risk_neutral_pgd,fs_in_target_db,-10.0,0,11.400948524475098,11.400948524475098,656.243408203125,164.06085205078125,1.0,0.0,1.0,146.35917590931058
wideband_pgd,fs_in_target_db,-10.0,0,11.003352165222168,11.003352165222168,-0.9786890149116516,0.0,0.0,0.0,0.8333333134651184,147.39042101427913
scenario_adaptive_unfolded,fs_in_target_db,-10.0,0,4.938059329986572,4.938059329986572,-0.951249361038208,0.0,0.0,0.0,0.8333333134651184,167.3246850259602
