algorithm,sweep_tag,sweep_value,sample_id,sum_rate_bps_per_hz,weighted_sum_rate,worst_fs_excess,mean_positive_fs_excess,fs_outage_any,power_violation,active_subband_fraction,runtime_ms
static_notch_mf,fs_in_target_db,-10.0,0,14.32516860961914,14.32516860961914,1444.743408203125,361.251708984375,1.0,0.0,0.9166666865348816,8.684203960001469
risk_neutral_pgd,fs_in_target_db,-10.0,0,35.031070709228516,35.031070709228516,13807052.0,3452135.0,1.0,0.0,1.0,134.37771797180176
wideband_pgd,fs_in_target_db,-10.0,0,16.23594093322754,16.23594093322754,127305.875,31826.46875,1.0,0.0,0.9166666865348816,136.00657787173986
scenario_adaptive_unfolded,fs_in_target_db,-10.0,0,14.595616340637207,14.595616340637207,326402.375,81608.421875,1.0,0.0,0.9166666865348816,155.89475817978382
static_notch_mf,fs_in_target_db,-10.0,0,7.207457065582275,7.207457065582275,-0.027539491653442383,0.0,0.0,0.0,0.8333333134651184,8.67487583309412
risk_neutral_pgd,fs_in_target_db,-10.0,0,20.985755920410156,20.985755920410156,75940.9375,18985.2890625,1.0,0.0,1.0,141.56495919451118
wideband_pgd,fs_in_target_db,-10.0,0,17.263198852539062,17.263198852539062,-0.029489874839782715,0.0,0.0,0.0,0.8333333134651184,139.75963508710265
scenario_adaptive_unfolded,fs_in_target_db,-10.0,0,10.654669761657715,10.654669761657715,-0.9083648920059204,0.0,0.0,0.0,0.8333333134651184,157.44481002911925
