epoch,train_loss,train_utility,val_loss
1,16.67551100254059,-16.67551100254059,1188371.875
2,7380025.269438267,-7380025.269438267,43.39875793457031
3,22551554.062783003,-22551554.062783003,5039.494140625
