epoch,train_loss,train_utility,val_loss
1,432578.15016174316,-432578.15016174316,165085280.0
2,1025226404.9667969,-1025226404.9667969,692748.3125
3,3132786936.284185,-3132786936.284185,753493.6875
