epoch,train_loss,train_utility,val_loss
1,16.674744963645935,-16.674744963645935,1188371.75
2,7380026.383462429,-7380026.383462429,46.40291213989258
3,22551556.412635088,-22551556.412635088,4954.31494140625
